<?xml version="1.0" encoding="UTF-8"?>
<!DOCTYPE properties SYSTEM "http://java.sun.com/dtd/properties.dtd">
<properties>

	<entry key="selectList">
		SELECT
				PRODUCT_ID
			  , P_NAME
			  , PRICE
			  , DESCRIPTION
			  , STOCK
		   FROM PRODUCT
	</entry>

	<entry key="inputProduct">
		INSERT INTO PRODUCT
						(
						  PRODUCT_ID
						, P_NAME
						, PRICE
						, DESCRIPTION
						, STOCK
						)
				VALUES
						(
						  ?
						, ?
						, ?
						, ?
						, ?
						)
	</entry>

	<entry key="updateProduct">
		UPDATE PRODUCT
		   SET 
		       P_NAME = ?
		   	   PRICE = ?
			 , DESCRIPTION = ?
			 , STOCK = ?
		 WHERE PRODUCT_ID = ?

	</entry>

	<entry key="deleteProduct">
		DELETE
		  FROM PRODUCT
		 WHERE PRODUCT_ID = ?
	</entry>

	<entry key="selectByProductName">
		SELECT
			  	PRODUCT_ID
			  , P_NAME
			  , PRICE
			  , DESCRIPTION
			  , STOCK
		  FROM 
			    PRODUCT
		 WHERE 
			    P_NAME LIKE '%' || ? || '%'
	</entry>



	
	<entry key = "selectProductIO">
		SELECT IO_NUM
			 , PRODUCT_ID
			 , P_NAME
			 , IO_DATE
			 , AMOUNT
			 , STATUS
		  FROM
			   PRODUCT_IO
		  JOIN PRODUCT USING(PRODUCT_ID)
	</entry>
	
	<entry key = "selectProductInput">
		SELECT IO_NUM
			 , PRODUCT_ID
			 , P_NAME
			 , IO_DATE
			 , AMOUNT
			 , STATUS
		  FROM PRODUCT_IO
		  JOIN PRODUCT USING(PRODUCT_ID)
	     WHERE STATUS = '입고'
	</entry>
	
	<entry key = "selectProductOutput">
		SELECT IO_NUM
			 , PRODUCT_ID
			 , P_NAME
			 , IO_DATE
			 , AMOUNT
			 , STATUS
		  FROM PRODUCT_IO
		  JOIN PRODUCT USING(PRODUCT_ID)
	     WHERE STATUS = '출고'	
	</entry>
	
	<entry key="insertProductIO">
	    INSERT INTO PRODUCT_IO (PRODUCT_ID, IO_DATE, AMOUNT, STATUS)
	    VALUES (?, SYSDATE, ?, ?)
	</entry>
	
	<entry key="checkStock">
	    SELECT STOCK FROM PRODUCT WHERE PRODUCT_ID = ?
	</entry>




</properties>
