<?xml version="1.0" encoding="UTF-8"?>
<!DOCTYPE properties SYSTEM "http://java.sun.com/dtd/properties.dtd">
<properties>

	<entry key="selectList">
		SELECT
				PRODUCT_ID
			  , P_NAME
			  , PRICE
			  , DESCRIPTION
			  , STOCK
		   FROM PRODUCT
	</entry>

	<entry key="inputProduct">
		INSERT INTO PRODUCT
						(
						  PRODUCT_ID
						, P_NAME
						, PRICE
						, DESCRIPTION
						, STOCK
						)
				VALUES
						(
						  ?
						, ?
						, ?
						, ?
						, ?
						)
	</entry>

	<entry key="updateProduct">
		UPDATE PRODUCT
		   SET 
		       P_NAME = ?
		   	   PRICE = ?
			 , DESCRIPTION = ?
			 , STOCK = ?
		 WHERE PRODUCT_ID = ?

	</entry>

	<entry key="deleteProduct">
		DELETE
		  FROM PRODUCT
		 WHERE PRODUCT_ID = ?
	</entry>

	<entry key="selectByProductName">
		SELECT
			  	PRODUCT_ID
			  , P_NAME
			  , PRICE
			  , DESCRIPTION
			  , STOCK
		  FROM 
			    PRODUCT
		 WHERE 
			    P_NAME LIKE '%' || ? || '%'
	</entry>


</properties>
